team_name,players_out,burden,snapshot
Arsenal,7.0,0.05351170568561873,2026-10-10
Aston Villa,9.0,0.05,2026-10-10
Bournemouth,8.0,0.2356020942408377,2026-10-10
Brentford,6.0,0.055944055944055944,2026-10-10
Brighton,13.0,0.07038123167155426,2026-10-10
Chelsea,9.0,0.010416666666666666,2026-10-10
Coventry,13.0,0.041916167664670656,2026-10-10
Crystal Palace,12.0,0.06315789473684211,2026-10-10
Everton,5.0,0.03007518796992481,2026-10-10
Fulham,3.0,0.0,2026-10-10
Hull,15.0,0.03474903474903475,2026-10-10
Ipswich,9.0,0.04371584699453552,2026-10-10
Leeds,8.0,0.03215434083601286,2026-10-10
Liverpool,12.0,0.24074074074074073,2026-10-10
Man City,8.0,0.029605263157894735,2026-10-10
Man United,10.0,0.08823529411764706,2026-10-10
Newcastle,11.0,0.21367521367521367,2026-10-10
Nott'm Forest,9.0,0.21287128712871287,2026-10-10
Sunderland,9.0,0.2328042328042328,2026-10-10
Tottenham,14.0,0.07537688442211055,2026-10-10
