season,model,n,accuracy,log_loss,brier
2021,always home/base rates,380,0.42894736842105263,1.074322494482524,0.6508807946364777
2021,bookmakers,380,0.5789473684210527,0.9359714254015705,0.5536859603003608
2021,logreg,380,0.5578947368421052,0.9648793057803572,0.5723968357334773
2021,xgboost,380,0.5631578947368421,0.9741711317640549,0.575269156598919
2021,blend,380,0.5605263157894737,0.9674731734120305,0.572330099217151
2022,always home/base rates,380,0.4842105263157895,1.0483964018509935,0.6318393697815649
2022,bookmakers,380,0.5605263157894737,0.9658011480552077,0.5736740356570778
2022,logreg,380,0.5342105263157895,0.9670662323143139,0.574863736377384
2022,xgboost,380,0.5421052631578948,0.9743042413529865,0.5780088302693305
2022,blend,380,0.5421052631578948,0.9682860580832174,0.575180295301855
2023,always home/base rates,380,0.4605263157894737,1.0573490523739297,0.6388375687009163
2023,bookmakers,380,0.5894736842105263,0.9092502625018826,0.5331180210631138
2023,logreg,380,0.5921052631578947,0.9296475255290063,0.5479421435541312
2023,xgboost,380,0.5789473684210527,0.9337627154667607,0.5503759354994989
2023,blend,380,0.5815789473684211,0.9297272776009758,0.5479436235137494
2024,always home/base rates,380,0.40789473684210525,1.0860357468768687,0.6591237404039383
2024,bookmakers,380,0.5421052631578948,0.9705521250110708,0.5788986039373659
2024,logreg,380,0.5210526315789473,0.983997329767311,0.5882914837758879
2024,xgboost,380,0.531578947368421,0.9986532441632731,0.5962175378728871
2024,blend,380,0.5342105263157895,0.9896671012695841,0.5911130846398113
2025,always home/base rates,380,0.4263157894736842,1.0819001249817728,0.6552033881926114
2025,bookmakers,380,0.49473684210526314,1.0152523829672504,0.6100247363528881
2025,logreg,380,0.48157894736842105,1.0251945340495108,0.6155392038856622
2025,xgboost,380,0.4631578947368421,1.041172236935458,0.6265626808841067
2025,blend,380,0.46842105263157896,1.0312891564621516,0.6200345308874595
ALL,always home/base rates,1900,0.44157894736842107,1.069600764113218,0.6471769723431016
ALL,bookmakers,1900,0.5531578947368421,0.9593654687873964,0.5698802714621614
ALL,logreg,1900,0.5373684210526316,0.9741569854880998,0.5798066806653086
ALL,xgboost,1900,0.5357894736842105,0.9844127139365066,0.5852868282249484
ALL,blend,1900,0.5373684210526316,0.977288553365592,0.5813203267120053
