gameweek,Date,HomeTeam,AwayTeam,p_logreg_H,p_logreg_D,p_logreg_A,p_xgboost_H,p_xgboost_D,p_xgboost_A,p_blend_H,p_blend_D,p_blend_A,made_at,out_h,out_a
6,2026-10-10,Arsenal,Leeds,0.6299815987791575,0.2321972446926524,0.13782115652819,0.7340005040168762,0.1434323489665985,0.122567094862461,0.6819910513980169,0.1878147968296254,0.1301941256953255,2026-10-09 12:48:16,6.0,8.0
6,2026-10-10,Aston Villa,Brentford,0.3766352371072156,0.259392284222934,0.3639724786698503,0.3681555092334747,0.2668773233890533,0.3649671971797943,0.3723953731703452,0.2631348038059936,0.3644698379248223,2026-10-09 12:48:16,12.0,6.0
6,2026-10-10,Chelsea,Bournemouth,0.3061865505844381,0.26379009463255,0.4300233547830119,0.3136671483516693,0.2981760799884796,0.3881568014621734,0.3099268494680537,0.2809830873105148,0.4090900781225927,2026-10-09 12:48:16,10.0,8.0
6,2026-10-10,Ipswich,Fulham,0.2889182486137859,0.2807260242714655,0.4303557271147485,0.3574195206165313,0.2953741550445556,0.3472063243389129,0.3231688846151587,0.2880500896580106,0.3887810257268307,2026-10-09 12:48:16,10.0,3.0
6,2026-10-10,Sunderland,Brighton,0.3207791140594952,0.2693926684120624,0.4098282175284423,0.2569749355316162,0.2633150219917297,0.4797099828720093,0.2888770247955557,0.2663538452018961,0.4447691002002257,2026-10-09 12:48:16,9.0,13.0
6,2026-10-10,Man United,Tottenham,0.6612470234722764,0.2081867504179423,0.1305662261097813,0.692043125629425,0.1682676523923874,0.1396892070770263,0.6766450745508508,0.1882272014051648,0.1351277165934038,2026-10-09 12:48:16,8.0,13.0
6,2026-10-11,Crystal Palace,Nott'm Forest,0.3541453303883897,0.2645609606024492,0.3812937090091611,0.3725458681583404,0.2801522612571716,0.3473018705844879,0.363345599273365,0.2723566109298104,0.3642977897968245,2026-10-09 12:48:16,11.0,7.0
6,2026-10-11,Hull,Everton,0.4189321685491609,0.2692477588009289,0.3118200726499101,0.3859665989875793,0.2905588448047638,0.3234745264053345,0.4024493837683701,0.2799033018028464,0.3176472995276223,2026-10-09 12:48:16,15.0,5.0
6,2026-10-11,Liverpool,Man City,0.3681718622451919,0.2594009339149736,0.3724272038398344,0.2889156937599182,0.2534423768520355,0.4576418995857239,0.3285437780025551,0.2564216553835046,0.4150345517127791,2026-10-09 12:48:16,10.0,8.0
6,2026-10-12,Coventry,Newcastle,0.4078811300385175,0.27893537470699,0.3131834952544924,0.4319228231906891,0.2606120705604553,0.3074651658535003,0.4199019766146033,0.2697737226337227,0.3103243305539964,2026-10-09 12:48:16,13.0,11.0
7,2026-10-17,Everton,Chelsea,0.47382842536189723,0.2650901652994487,0.2610814093386541,0.47184115648269653,0.2441835254430771,0.28397536277770996,0.47283479092229685,0.25463684537126285,0.272528386058182,2026-10-10 12:06:00,5.0,9.0
7,2026-10-17,Brentford,Liverpool,0.3975116406830049,0.2572041649710965,0.3452841943458986,0.35913050174713135,0.2983001470565796,0.34256938099861145,0.3783210712150681,0.27775215601383807,0.34392678767225504,2026-10-10 12:06:00,6.0,12.0
7,2026-10-17,Fulham,Hull,0.4549989245267202,0.25270980276464095,0.29229127270863875,0.4287160336971283,0.2802521884441376,0.29103171825408936,0.44185747911192425,0.26648099560438926,0.29166149548136405,2026-10-10 12:06:00,3.0,15.0
7,2026-10-17,Man City,Ipswich,0.7534798059447323,0.17704688314633382,0.06947331090893395,0.8228775262832642,0.1164688691496849,0.060653578490018845,0.7881786661139982,0.14675787614800936,0.06506344469947639,2026-10-10 12:06:00,8.0,9.0
7,2026-10-17,Newcastle,Aston Villa,0.3989213313082729,0.27340793520168055,0.3276707334900466,0.379360556602478,0.292066365480423,0.3285730481147766,0.38914094395537546,0.28273715034105174,0.3281218908024116,2026-10-10 12:06:00,11.0,9.0
7,2026-10-18,Bournemouth,Sunderland,0.5398309151786986,0.22236157419417651,0.23780751062712496,0.45576855540275574,0.2767418622970581,0.26748955249786377,0.4977997352907272,0.2495517182456173,0.25264853156249434,2026-10-10 12:06:00,8.0,9.0
7,2026-10-18,Brighton,Crystal Palace,0.6350924174271362,0.20354963704221385,0.16135794553064983,0.6636713743209839,0.19744375348091125,0.13888485729694366,0.64938189587406,0.20049669526156255,0.15012140141379676,2026-10-10 12:06:00,13.0,12.0
7,2026-10-18,Leeds,Man United,0.30601202043990056,0.25253243965788325,0.44145553990221614,0.32894444465637207,0.26630204916000366,0.40475353598594666,0.31747823254813634,0.2594172444089434,0.4231045379440814,2026-10-10 12:06:00,8.0,10.0
7,2026-10-18,Nott'm Forest,Arsenal,0.2750458193589647,0.23330058595379363,0.4916535946872416,0.22127403318881989,0.1778624802827835,0.600863516330719,0.2481599262738923,0.20558153311828858,0.5462585555089803,2026-10-10 12:06:00,9.0,7.0
7,2026-10-19,Tottenham,Coventry,0.3982517801265273,0.26407720406104934,0.3376710158124234,0.41984647512435913,0.26777389645576477,0.3123796880245209,0.4090491276254432,0.26592555025840703,0.32502535191847215,2026-10-10 12:06:00,14.0,13.0
