price,w_model,edge>,bets,roi,lo,hi
avg,0.0,0.0,0,,,
avg,0.0,0.02,0,,,
avg,0.0,0.04,0,,,
avg,0.0,0.06,0,,,
avg,0.0,0.1,0,,,
avg,0.25,0.0,937,-0.10210245464247598,-0.2141396605420642,0.010332757629045883
avg,0.25,0.02,551,-0.12638838475499092,-0.28295344382899346,0.038648775056750344
avg,0.25,0.04,327,-0.20174311926605504,-0.3943811499489101,0.017912762789638097
avg,0.25,0.06,208,-0.1593269230769231,-0.4093932423857868,0.1096585660862451
avg,0.25,0.1,85,-0.11011764705882353,-0.5654927150192555,0.425998095878136
avg,0.5,0.0,1631,-0.11354996934396075,-0.19579521838448394,-0.02388781931334122
avg,0.5,0.02,1251,-0.14183053557154277,-0.2372312415462376,-0.04559943100948093
avg,0.5,0.04,970,-0.11227835051546393,-0.2207559717771711,-0.0038992151497696014
avg,0.5,0.06,735,-0.11904761904761904,-0.2608282463829078,0.01644239229478987
avg,0.5,0.1,442,-0.15359728506787332,-0.3210987194102447,0.006149360078220774
avg,0.75,0.0,1976,-0.11887651821862347,-0.19250059922134827,-0.04673045518115159
avg,0.75,0.02,1649,-0.1132080048514251,-0.19250338456344596,-0.02314454150620879
avg,0.75,0.04,1396,-0.12398997134670485,-0.2175612999354056,-0.03120315426029965
avg,0.75,0.06,1171,-0.12685738684884715,-0.23034145780994603,-0.027902661336697044
avg,0.75,0.1,810,-0.1271358024691358,-0.2488199518403853,0.000909782240298207
avg,1.0,0.0,2188,-0.13184643510054844,-0.1930281261827663,-0.06632439612274518
avg,1.0,0.02,1894,-0.12634635691657864,-0.2031148470961865,-0.04948904650077431
avg,1.0,0.04,1664,-0.11085937499999998,-0.18573680631554534,-0.031472356380274534
avg,1.0,0.06,1467,-0.11916837082481253,-0.20161765661333875,-0.034167501476440446
avg,1.0,0.1,1122,-0.12926916221033868,-0.24067289691375013,-0.03065830773876844
best,0.0,0.0,2479,-0.04331988705123034,-0.11755354014082427,0.028485854010721123
best,0.0,0.02,1043,-0.15992329817833176,-0.29979593454446485,-0.016413280651576684
best,0.0,0.04,526,-0.1885171102661597,-0.4101947307692307,0.056231780662129555
best,0.0,0.06,288,-0.3248263888888889,-0.6283422056322528,0.02047151006281245
best,0.0,0.1,138,-0.4855072463768116,-0.9166854838709677,0.05123120714193293
best,0.25,0.0,2707,-0.052020687107499075,-0.11740153879091902,0.01838963302557147
best,0.25,0.02,1860,-0.09888709677419355,-0.18485993948032964,-0.004673768129862639
best,0.25,0.04,1275,-0.09463529411764707,-0.20887741758716902,0.020288927921757505
best,0.25,0.06,875,-0.14915428571428574,-0.28613015581664253,0.005041942169256703
best,0.25,0.1,460,-0.17397826086956522,-0.38481114109423803,0.0835460042496576
best,0.5,0.0,2770,-0.056314079422382674,-0.11954637551559148,0.005332256718582677
best,0.5,0.02,2226,-0.07736298292902065,-0.15062770018841262,0.0027273462828501624
best,0.5,0.04,1786,-0.08698768197088466,-0.17180660983110443,0.0017793268430763278
best,0.5,0.06,1448,-0.09795580110497237,-0.19941501823793487,0.008992050758930574
best,0.5,0.1,923,-0.06555796316359698,-0.19827767647329508,0.08435202020202015
best,0.75,0.0,2803,-0.061576881912236876,-0.1220404060509554,0.00036691439804903853
best,0.75,0.02,2404,-0.05750000000000001,-0.12846081040004112,0.015958110140715902
best,0.75,0.04,2066,-0.07256534365924493,-0.14909980341306042,0.0079845886734015
best,0.75,0.06,1776,-0.09295608108108107,-0.17669447813221845,-0.004454383590940964
best,0.75,0.1,1313,-0.10646610814927646,-0.21262961131017288,0.0034028803283118253
best,1.0,0.0,2818,-0.056557842441447834,-0.11532461363841931,0.0006516251122575322
best,1.0,0.02,2520,-0.05955952380952381,-0.1247360685483871,0.011604148919638511
best,1.0,0.04,2233,-0.07693237796686073,-0.1491904584927139,-0.002750607591014594
best,1.0,0.06,1983,-0.08014624306606152,-0.1586728891356173,0.004797072002081816
best,1.0,0.1,1559,-0.09042976266837717,-0.18883417202139846,0.0026884351063068187
